[
    {
        "encodes": [
            {
                "encodeTime": 549.4998650550842, 
                "codedFilePath": "decoded_128/quar48_1__decoded_128kbps.aaaac", 
                "decodeTime": 71.76385688781738, 
                "compressionRatio": 5.246198359356373, 
                "bitrate": 128, 
                "outputFilePath": "decoded_128/quar48_1__decoded_128kbps.wav"
            }
        ], 
        "inputFile": "input_test_files/quar48_1.wav"
    }, 
    {
        "encodes": [
            {
                "encodeTime": 206.33437395095825, 
                "codedFilePath": "decoded_128/Castanets _original___decoded_128kbps.aaaac", 
                "decodeTime": 26.384280920028687, 
                "compressionRatio": 5.536439037299089, 
                "bitrate": 128, 
                "outputFilePath": "decoded_128/Castanets _original___decoded_128kbps.wav"
            }
        ], 
        "inputFile": "input_test_files/Castanets _original_.wav"
    }, 
    {
        "encodes": [
            {
                "encodeTime": 418.38836789131165, 
                "codedFilePath": "decoded_128/trpt21_2__decoded_128kbps.aaaac", 
                "decodeTime": 52.71295213699341, 
                "compressionRatio": 5.409825411971013, 
                "bitrate": 128, 
                "outputFilePath": "decoded_128/trpt21_2__decoded_128kbps.wav"
            }
        ], 
        "inputFile": "input_test_files/trpt21_2.wav"
    }, 
    {
        "encodes": [
            {
                "encodeTime": 450.62802815437317, 
                "codedFilePath": "decoded_128/gspi35_2__decoded_128kbps.aaaac", 
                "decodeTime": 56.92738699913025, 
                "compressionRatio": 5.367632745062883, 
                "bitrate": 128, 
                "outputFilePath": "decoded_128/gspi35_2__decoded_128kbps.wav"
            }
        ], 
        "inputFile": "input_test_files/gspi35_2.wav"
    }, 
    {
        "encodes": [
            {
                "encodeTime": 375.5344009399414, 
                "codedFilePath": "decoded_128/harp40_1__decoded_128kbps.aaaac", 
                "decodeTime": 49.02706217765808, 
                "compressionRatio": 5.507331076640563, 
                "bitrate": 128, 
                "outputFilePath": "decoded_128/harp40_1__decoded_128kbps.wav"
            }
        ], 
        "inputFile": "input_test_files/harp40_1.wav"
    }, 
    {
        "encodes": [
            {
                "encodeTime": 347.7351531982422, 
                "codedFilePath": "decoded_128/DrumLoop-stereo__decoded_128kbps.aaaac", 
                "decodeTime": 45.183581829071045, 
                "compressionRatio": 5.131382378565205, 
                "bitrate": 128, 
                "outputFilePath": "decoded_128/DrumLoop-stereo__decoded_128kbps.wav"
            }
        ], 
        "inputFile": "input_test_files/DrumLoop-stereo.wav"
    }, 
    {
        "encodes": [
            {
                "encodeTime": 632.3351829051971, 
                "codedFilePath": "decoded_128/horn23_2__decoded_128kbps.aaaac", 
                "decodeTime": 76.16905903816223, 
                "compressionRatio": 5.254322563904137, 
                "bitrate": 128, 
                "outputFilePath": "decoded_128/horn23_2__decoded_128kbps.wav"
            }
        ], 
        "inputFile": "input_test_files/horn23_2.wav"
    }, 
    {
        "encodes": [
            {
                "encodeTime": 412.2107300758362, 
                "codedFilePath": "decoded_128/ElecGtr-Preflex-Clean-dry-stereo__decoded_128kbps.aaaac", 
                "decodeTime": 51.77778196334839, 
                "compressionRatio": 5.251315056192338, 
                "bitrate": 128, 
                "outputFilePath": "decoded_128/ElecGtr-Preflex-Clean-dry-stereo__decoded_128kbps.wav"
            }
        ], 
        "inputFile": "input_test_files/ElecGtr-Preflex-Clean-dry-stereo.wav"
    }, 
    {
        "encodes": [
            {
                "encodeTime": 623.0829918384552, 
                "codedFilePath": "decoded_128/gspi35_1__decoded_128kbps.aaaac", 
                "decodeTime": 79.28416395187378, 
                "compressionRatio": 5.245882512362224, 
                "bitrate": 128, 
                "outputFilePath": "decoded_128/gspi35_1__decoded_128kbps.wav"
            }
        ], 
        "inputFile": "input_test_files/gspi35_1.wav"
    }, 
    {
        "encodes": [
            {
                "encodeTime": 556.5522451400757, 
                "codedFilePath": "decoded_128/sopr44_1__decoded_128kbps.aaaac", 
                "decodeTime": 72.78337097167969, 
                "compressionRatio": 5.295583607027736, 
                "bitrate": 128, 
                "outputFilePath": "decoded_128/sopr44_1__decoded_128kbps.wav"
            }
        ], 
        "inputFile": "input_test_files/sopr44_1.wav"
    },
    {
        "encodes": [
            {
                "encodeTime": 720.6355819702148, 
                "codedFilePath": "decoded_128/vioo10_2__decoded_128kbps.aaaac", 
                "decodeTime": 90.2378602027893, 
                "compressionRatio": 5.338369793317934, 
                "bitrate": 128, 
                "outputFilePath": "decoded_128/vioo10_2__decoded_128kbps.wav"
            }
        ], 
        "inputFile": "input_test_files/vioo10_2.wav"
    }, 
    {
        "encodes": [
            {
                "encodeTime": 822.7794361114502, 
                "codedFilePath": "decoded_128/frer07_1__decoded_128kbps.aaaac", 
                "decodeTime": 95.0835919380188, 
                "compressionRatio": 5.5958190365534985, 
                "bitrate": 128, 
                "outputFilePath": "decoded_128/frer07_1__decoded_128kbps.wav"
            }
        ], 
        "inputFile": "input_test_files/frer07_1.wav"
    }, 
    {
        "encodes": [
            {
                "encodeTime": 618.9630279541016, 
                "codedFilePath": "decoded_128/bass47_1__decoded_128kbps.aaaac", 
                "decodeTime": 73.36631894111633, 
                "compressionRatio": 5.246487702172456, 
                "bitrate": 128, 
                "outputFilePath": "decoded_128/bass47_1__decoded_128kbps.wav"
            }
        ], 
        "inputFile": "input_test_files/bass47_1.wav"
    }, 
    {
        "encodes": [
            {
                "encodeTime": 452.3944549560547, 
                "codedFilePath": "decoded_128/spme50_1__decoded_128kbps.aaaac", 
                "decodeTime": 53.84652280807495, 
                "compressionRatio": 5.206772572364235, 
                "bitrate": 128, 
                "outputFilePath": "decoded_128/spme50_1__decoded_128kbps.wav"
            }
        ], 
        "inputFile": "input_test_files/spme50_1.wav"
    }, 
    {
        "encodes": [
            {
                "encodeTime": 421.48666310310364, 
                "codedFilePath": "decoded_128/spff51_1__decoded_128kbps.aaaac", 
                "decodeTime": 52.33852195739746, 
                "compressionRatio": 5.136862905635674, 
                "bitrate": 128, 
                "outputFilePath": "decoded_128/spff51_1__decoded_128kbps.wav"
            }
        ], 
        "inputFile": "input_test_files/spff51_1.wav"
    }, 
    {
        "encodes": [
            {
                "encodeTime": 413.41568899154663, 
                "codedFilePath": "decoded_128/spfg53_1__decoded_128kbps.aaaac", 
                "decodeTime": 50.289427042007446, 
                "compressionRatio": 5.164042254917232, 
                "bitrate": 128, 
                "outputFilePath": "decoded_128/spfg53_1__decoded_128kbps.wav"
            }
        ], 
        "inputFile": "input_test_files/spfg53_1.wav"
    }, 
    {
        "encodes": [
            {
                "encodeTime": 479.770525932312, 
                "codedFilePath": "decoded_128/spfe49_1__decoded_128kbps.aaaac", 
                "decodeTime": 58.144978046417236, 
                "compressionRatio": 5.152433084098492, 
                "bitrate": 128, 
                "outputFilePath": "decoded_128/spfe49_1__decoded_128kbps.wav"
            }
        ], 
        "inputFile": "input_test_files/spfe49_1.wav"
    }, 
    {
        "encodes": [
            {
                "encodeTime": 419.7681338787079, 
                "codedFilePath": "decoded_128/spmg54_1__decoded_128kbps.aaaac", 
                "decodeTime": 50.23679304122925, 
                "compressionRatio": 5.205066204476701, 
                "bitrate": 128, 
                "outputFilePath": "decoded_128/spmg54_1__decoded_128kbps.wav"
            }
        ], 
        "inputFile": "input_test_files/spmg54_1.wav"
    }, 
    {
        "encodes": [
            {
                "encodeTime": 504.6705868244171, 
                "codedFilePath": "decoded_128/spmf52_1__decoded_128kbps.aaaac", 
                "decodeTime": 60.925812005996704, 
                "compressionRatio": 5.205277779416188, 
                "bitrate": 128, 
                "outputFilePath": "decoded_128/spmf52_1__decoded_128kbps.wav"
            }
        ], 
        "inputFile": "input_test_files/spmf52_1.wav"
    }
]
